CoreID,Reef,Transect,Distance,Core,Species,Tin,Contents,Dry_weight
YM2C_3_1_1,YM2C,3,1,1,Syringodium,1253,Blades,0.2926
YM2C_3_1_1,YM2C,3,1,1,Syringodium,1060,Rhizomes,0.5507
YM2C_3_1_1,YM2C,3,1,1,Syringodium,3004,Roots,0.0817
YM1A_3_1_3,YM1A,3,1,3,Syringodium,1279,Roots,0.0086
YM1A_3_1_3,YM1A,3,1,3,Syringodium,883,Rhizomes,0.0324
YM1A_3_1_3,YM1A,3,1,3,Syringodium,1040,Blades,0.0114
YM2A_3_20_1,YM2A,3,20,1,Syringodium,1131,Roots,0.0101
YM2A_3_20_1,YM2A,3,20,1,Syringodium,1657,Blades,0.0004
YM2A_3_20_1,YM2A,3,20,1,Syringodium,876,Rhizomes,0.0037
YM4C_3_1_2,YM4C,3,1,2,Syringodium,3047,Blades,0.0244
YM4C_3_1_2,YM4C,3,1,2,Syringodium,1058,Rhizomes,0.1396
YM4C_3_1_2,YM4C,3,1,2,Syringodium,1033,Roots,0.0486
YM4D_3_20_2,YM4D,3,20,2,Syringodium,3175,Roots,0.0015
YM4C_3_1_3,YM4C,3,1,3,Syringodium,1945,Blades,0.2135
YM4C_3_1_3,YM4C,3,1,3,Syringodium,1039,Roots,0.0667
YM4C_3_1_3,YM4C,3,1,3,Syringodium,1270,Rhizomes,0.3813
YM2A_3_1_2,YM2A,3,1,2,Syringodium,1095,Blades,0.0378
YM2A_3_1_2,YM2A,3,1,2,Syringodium,1687,Roots,0.0528
YM2A_3_1_2,YM2A,3,1,2,Syringodium,3170,Rhizomes,0.0669
YM3C_3_1_1,YM3C,3,1,1,Syringodium,1170,Roots,0.0011
YM1A_3_1_2,YM1A,3,1,2,Syringodium,3065,Roots,0.0002
YM1A_3_1_2,YM1A,3,1,2,Syringodium,3205,Blades,0.0008
YM4C_3_20_3,YM4C,3,20,3,Syringodium,1239,Roots,0.0018
YM2D_3_20_1,YM2D,3,20,1,Syringodium,1857,Roots,0.0015
YM3A_3_1_3,YM3A,3,1,3,Syringodium,3024,Blades,0.0065
YM3C_3_1_2,YM3C,3,1,2,Syringodium,3080,Rhizomes,0.0107
YM3C_3_1_2,YM3C,3,1,2,Syringodium,3147,Roots,0.0005
YM2B_3_1_1,YM2B,3,1,1,Syringodium,3002,Rhizomes,0.0462
YM2B_3_20_1,YM2B,3,20,1,Syringodium,1946,Blades,0.0011
YM2B_3_20_3,YM2B,3,20,3,Syringodium,3123,Rhizomes,0.1092
YM2B_3_20_3,YM2B,3,20,3,Syringodium,3140,Roots,0.0168
YM2B_3_20_3,YM2B,3,20,3,Syringodium,1251,Blades,0.0186
YM4A_3_20_3,YM4A,3,20,3,Syringodium,1292,Rhizomes,0.0634
YM4A_3_20_3,YM4A,3,20,3,Syringodium,937,Roots,0.0236
YM4A_3_20_3,YM4A,3,20,3,Syringodium,1086,Blades,0.017
YM1D_3_1_1,YM1D,3,1,1,Syringodium,1132,Rhizomes,0.4725
YM1D_3_1_1,YM1D,3,1,1,Syringodium,1066,Roots,0.1363
YM1D_3_1_1,YM1D,3,1,1,Syringodium,980,Blades,0.0573
YM1A_3_1_1,YM1A,3,1,1,Syringodium,1725,Blades,0.0048
YM3D_3_1_2,YM3D,3,1,2,Syringodium,3106,Rhizomes,0.0895
YM3D_3_1_2,YM3D,3,1,2,Syringodium,1332,Roots,0.0222
YM4D_3_20_3,YM4D,3,20,3,Syringodium,1228,Rhizomes,0.0212
YM4D_3_20_3,YM4D,3,20,3,Syringodium,3169,Blades,0.0011
YM3C_3_1_3,YM3C,3,1,3,Syringodium,3010,Roots,0.0032
YM3C_3_1_3,YM3C,3,1,3,Syringodium,1711,Rhizomes,0.0146
YM2D_3_20_2,YM2D,3,20,2,Syringodium,1683,Rhizomes,0.0113
YM2D_3_20_2,YM2D,3,20,2,Syringodium,925,Blades,0.0084
YM1C_3_1_2,YM1C,3,1,2,Syringodium,978,Blades,0.2731
YM1C_3_1_2,YM1C,3,1,2,Syringodium,1907,Rhizomes,0.4862
YM1C_3_1_2,YM1C,3,1,2,Syringodium,1318,Roots,0.2914
YM1C_3_1_2,YM1C,3,1,2,Syringodium,932,Rhizomes,0.5054
YM2C_3_20_3,YM2C,3,20,3,Syringodium,3007,Blades,0.0016
YM2C_3_20_3,YM2C,3,20,3,Syringodium,1399,Rhizomes,0.0152
YM2C_3_20_3,YM2C,3,20,3,Syringodium,928,Roots,0.0081
YM3A_3_20_3,YM3A,3,20,3,Syringodium,3195,Blades,0.0362
YM3A_3_20_3,YM3A,3,20,3,Syringodium,3141,Roots,0.0594
YM3A_3_20_3,YM3A,3,20,3,Syringodium,1259,Rhizomes,0.1393
YM2A_3_1_3,YM2A,3,1,3,Syringodium,3219,Blades,0.0119
YM2A_3_1_3,YM2A,3,1,3,Syringodium,3068,Roots,0.0203
YM2A_3_1_3,YM2A,3,1,3,Syringodium,1276,Rhizomes,0.0726
YM1B_3_20_3,YM1B,3,20,3,Syringodium,1014,Blades,0.0372
YM1B_3_20_3,YM1B,3,20,3,Syringodium,994,Roots,0.0216
YM1B_3_20_3,YM1B,3,20,3,Syringodium,1204,Rhizomes,0.0579
YM4A_3_1_3,YM4A,3,1,3,Syringodium,1312,Blades,0.0038
YM4A_3_1_3,YM4A,3,1,3,Syringodium,1154,Roots,0.0054
YM4A_3_1_3,YM4A,3,1,3,Syringodium,3114,Rhizomes,0.0357
YM2A_3_1_1,YM2A,3,1,1,Syringodium,3006,Blades,0.0818
YM2A_3_1_1,YM2A,3,1,1,Syringodium,909,Roots,0.0155
YM2A_3_1_1,YM2A,3,1,1,Syringodium,3145,Rhizomes,0.0721
YM2D_3_1_2,YM2D,3,1,2,Syringodium,3127,Blades,0.1084
YM2D_3_1_2,YM2D,3,1,2,Syringodium,3103,Roots,0.0323
YM2D_3_1_2,YM2D,3,1,2,Syringodium,3194,Rhizomes,0.2664
YM2A_3_20_2,YM2A,3,20,2,Syringodium,3152,Blades,0.017
YM2A_3_20_2,YM2A,3,20,2,Syringodium,1667,Roots,0.0742
YM2A_3_20_2,YM2A,3,20,2,Syringodium,1668,Rhizomes,0.1132
YM2A_3_20_3,YM2A,3,20,3,Syringodium,1227,Blades,0.0158
YM2A_3_20_3,YM2A,3,20,3,Syringodium,1365,Roots,0.0974
YM2A_3_20_3,YM2A,3,20,3,Syringodium,1381,Rhizomes,0.1403
YM2C_3_1_2,YM2C,3,1,2,Syringodium,911,Blades,0.2031
YM2C_3_1_2,YM2C,3,1,2,Syringodium,3084,Roots,0.0794
YM2C_3_1_2,YM2C,3,1,2,Syringodium,3125,Rhizomes,0.337
YM3D_3_1_1,YM3D,3,1,1,Syringodium,1031,Roots,0.27
YM3D_3_1_1,YM3D,3,1,1,Syringodium,1120,Rhizomes,0.4743
YM3D_3_1_1,YM3D,3,1,1,Syringodium,1364,Rhizomes,0.4564
YM3D_3_1_1,YM3D,3,1,1,Syringodium,1406,Blades,0.5514
YM3D_3_1_1,YM3D,3,1,1,Syringodium,3207,Rhizomes,0.3132
YM1D_3_1_2,YM1D,3,1,2,Syringodium,979,Roots,0.1391
YM1D_3_1_2,YM1D,3,1,2,Syringodium,3029,Blades,0.1921
YM1D_3_1_2,YM1D,3,1,2,Syringodium,917,Rhizomes,0.5004
YM3D_2_1_1,YM3D,2,1,1,Syringodium,914,Roots,0.1001
YM3D_2_1_1,YM3D,2,1,1,Syringodium,1387,Blades,0.1296
YM3D_2_1_1,YM3D,2,1,1,Syringodium,963,Rhizomes,0.5388
YM3D_2_1_1,YM3D,2,1,1,Syringodium,3208,Rhizomes,0.3688
YM2C_2_20_3,YM2C,2,20,3,Syringodium,3102,Blades,0.0174
YM2C_2_20_3,YM2C,2,20,3,Syringodium,3142,Roots,0.0373
YM2C_2_20_3,YM2C,2,20,3,Syringodium,1209,Rhizomes,0.0959
YM2C_2_1_2,YM2C,2,1,2,Syringodium,1142,Blades,0.0231
YM2C_2_1_2,YM2C,2,1,2,Syringodium,1047,Roots,0.0107
YM2C_2_1_2,YM2C,2,1,2,Syringodium,880,Rhizomes,0.0644
YM1D_2_20_1,YM1D,2,20,1,Syringodium,1868,Blades,0.0192
YM1D_2_20_1,YM1D,2,20,1,Syringodium,943,Roots,0.0029
YM1B_2_20_3,YM1B,2,20,3,Syringodium,3214,Roots,0.0022
YM1D_2_20_3,YM1D,2,20,3,Syringodium,3178,Roots,0.0026
YM4D_2_20_1,YM4D,2,20,1,Syringodium,934,Rhizomes,0.0445
YM4D_2_20_1,YM4D,2,20,1,Syringodium,3199,Roots,0.008
YM3D_2_20_2,YM3D,2,20,2,Syringodium,3087,Blades,0.0028
YM3D_2_20_2,YM3D,2,20,2,Syringodium,1258,Roots,0.0103
YM3D_2_20_2,YM3D,2,20,2,Syringodium,1192,Rhizomes,0.0215
YM1C_2_20_1,YM1C,2,20,1,Syringodium,3001,Blades,0.0115
YM1C_2_20_1,YM1C,2,20,1,Syringodium,1676,Roots,0.0226
YM1C_2_20_1,YM1C,2,20,1,Syringodium,941,Rhizomes,0.0848
YM4C_2_20_3,YM4C,2,20,3,Syringodium,1943,Blades,0.0132
YM4C_2_20_3,YM4C,2,20,3,Syringodium,882,Roots,0.0082
YM4C_2_20_3,YM4C,2,20,3,Syringodium,899,Rhizomes,0.0615
YM2D_2_20_1,YM2D,2,20,1,Syringodium,1071,Blades,0.007
YM2D_2_20_1,YM2D,2,20,1,Syringodium,877,Roots,0.0079
YM2D_2_20_1,YM2D,2,20,1,Syringodium,1302,Rhizomes,0.0473
YM3D_2_20_1,YM3D,2,20,1,Syringodium,968,Blades,0.0057
YM3D_2_20_1,YM3D,2,20,1,Syringodium,1908,Roots,0.0109
YM3D_2_20_1,YM3D,2,20,1,Syringodium,3134,Rhizomes,0.0058
YM2C_2_20_1,YM2C,2,20,1,Syringodium,1130,Blades,0.0095
YM2C_2_20_1,YM2C,2,20,1,Syringodium,1853,Roots,0.025
YM2C_2_20_1,YM2C,2,20,1,Syringodium,1323,Rhizomes,0.0603
YM1A_2_20_3,YM1A,2,20,3,Syringodium,1322,Blades,0.0033
YM1A_2_20_3,YM1A,2,20,3,Syringodium,1343,Roots,0.0163
YM1A_2_20_3,YM1A,2,20,3,Syringodium,1921,Rhizomes,0.0564
YM3A_2_20_3,YM3A,2,20,3,Syringodium,1852,Blades,0.0085
YM3A_2_20_3,YM3A,2,20,3,Syringodium,995,Roots,0.0101
YM3A_2_20_3,YM3A,2,20,3,Syringodium,1003,Rhizomes,0.0109
YM2D_2_20_3,YM2D,2,20,3,Syringodium,1293,Blades,0.0064
YM2D_2_20_3,YM2D,2,20,3,Syringodium,1317,Roots,0.0166
YM2D_2_20_3,YM2D,2,20,3,Syringodium,1002,Rhizomes,0.023
YM3B_2_1_1,YM3B,2,1,1,Syringodium,1328,Blades,0.0214
YM3B_2_1_1,YM3B,2,1,1,Syringodium,1920,Roots,0.0126
YM3B_2_1_1,YM3B,2,1,1,Syringodium,1684,Rhizomes,0.1312
YM3B_2_1_2,YM3B,2,1,2,Syringodium,3162,Roots,0.0115
YM3B_2_1_2,YM3B,2,1,2,Syringodium,1904,Rhizomes,0.044
YM1A_2_1_2,YM1A,2,1,2,Syringodium,1215,Blades,0.0091
YM1A_2_1_2,YM1A,2,1,2,Syringodium,1407,Roots,0.0223
YM1A_2_1_2,YM1A,2,1,2,Syringodium,1214,Rhizomes,0.0279
YM3A_3_20_1,YM3A,3,20,1,Syringodium,1384,Blades,0.0199
YM3A_3_20_1,YM3A,3,20,1,Syringodium,1840,Roots,0.0192
YM3A_3_20_1,YM3A,3,20,1,Syringodium,1402,Rhizomes,0.0678
YM3A_3_20_2,YM3A,3,20,2,Syringodium,1658,Blades,0.0175
YM3A_3_20_2,YM3A,3,20,2,Syringodium,1327,Roots,0.021
YM3A_3_20_2,YM3A,3,20,2,Syringodium,3025,Rhizomes,0.0683
YM4B_3_1_3,YM4B,3,1,3,Syringodium,3012,Blades,0.0189
YM4B_3_1_3,YM4B,3,1,3,Syringodium,1646,Roots,0.0538
YM4B_3_1_3,YM4B,3,1,3,Syringodium,1710,Rhizomes,0.1286
YM4B_3_1_1,YM4B,3,1,1,Syringodium,961,Blades,0.0068
YM4B_3_1_1,YM4B,3,1,1,Syringodium,3111,Roots,0.0061
YM4B_3_1_1,YM4B,3,1,1,Syringodium,1826,Rhizomes,0.067
YM3A_3_1_2,YM3A,3,1,2,Syringodium,3148,Roots,0.0006
YM1B_1_20_1,YM1B,1,20,1,Syringodium,1109,Roots,0.0031
YM3B_3_1_3,YM3B,3,1,3,Syringodium,896,Roots,0.0037
YM1D_3_20_3,YM1D,3,20,3,Syringodium,1238,Roots,0.0033
YM3C_3_20_1,YM3C,3,20,1,Syringodium,1338,Roots,0.0015
YM4B_2_20_1,YM4B,2,20,1,Syringodium,1245,Roots,0.0021
YM1B_1_20_3,YM1B,1,20,3,Syringodium,1032,Roots,0.011
YM1D_2_20_2,YM1D,2,20,2,Syringodium,1291,Blades,0.0224
YM1D_2_20_2,YM1D,2,20,2,Syringodium,1316,Roots,0.0675
YM1D_2_20_2,YM1D,2,20,2,Syringodium,1236,Rhizomes,0.1298
YM3C_1_20_3,YM3C,1,20,3,Syringodium,3179,Rhizomes,0.005
YM1B_1_20_2,YM1B,1,20,2,Syringodium,1175,Roots,0.0088
YM2B_2_1_2,YM2B,2,1,2,Syringodium,1400,Blades,0.0155
YM2B_2_1_2,YM2B,2,1,2,Syringodium,1953,Roots,0.0058
YM2B_2_1_2,YM2B,2,1,2,Syringodium,1403,Rhizomes,0.1015
YM4B_1_20_3,YM4B,1,20,3,Syringodium,1266,Roots,0.021
YM4C_1_20_3,YM4C,1,20,3,Syringodium,1189,Roots,0.0017
YM2D_3_1_1,YM2D,3,1,1,Syringodium,982,Blades,0.2842
YM2D_3_1_1,YM2D,3,1,1,Syringodium,953,Rhizomes,0.4046
YM2D_3_1_1,YM2D,3,1,1,Syringodium,3189,Roots,0.0781
YM1C_1_1_3,YM1C,1,1,3,Syringodium,1207,Blades,0.4812
YM1C_1_1_3,YM1C,1,1,3,Syringodium,1947,Blades,0.4091
YM1C_1_1_3,YM1C,1,1,3,Syringodium,1021,Rhizomes,0.7103
YM1C_1_1_3,YM1C,1,1,3,Syringodium,1225,Rhizomes,0.6842
YM1C_1_1_3,YM1C,1,1,3,Syringodium,915,Rhizomes,0.8444
YM1C_1_1_3,YM1C,1,1,3,Syringodium,850,Roots,0.4641
YM1C_1_1_3,YM1C,1,1,3,Syringodium,1195,Roots,0.3531
YM3C_2_1_1,YM3C,2,1,1,Syringodium,1839,Blades,0.0022
YM3C_2_1_1,YM3C,2,1,1,Syringodium,1835,Roots,0.0029
YM2B_3_1_2,YM2B,3,1,2,Syringodium,1353,Blades,0.005
YM1B_3_20_2,YM1B,3,20,2,Syringodium,1906,Blades,0.0043
YM1B_3_20_2,YM1B,3,20,2,Syringodium,1062,Rhizomes,0.0568
YM1B_3_20_2,YM1B,3,20,2,Syringodium,3055,Roots,0.0135
YM2C_3_20_1,YM2C,3,20,1,Syringodium,1007,Blades,0.0021
YM2C_3_20_1,YM2C,3,20,1,Syringodium,1865,Rhizomes,0.0443
YM2C_3_20_1,YM2C,3,20,1,Syringodium,1069,Roots,0.0148
YM3B_3_20_2,YM3B,3,20,2,Syringodium,1716,Blades,0.0024
YM3C_3_20_2,YM3C,3,20,2,Syringodium,1241,Roots,0.0099
YM1B_1_1_1,YM1B,1,1,1,Syringodium,3034,Roots,0.0028
YM1B_1_1_1,YM1B,1,1,1,Syringodium,1674,Blades,0.0087
YM2B_2_1_3,YM2B,2,1,3,Syringodium,3779,Blades,0.0297
YM2B_2_1_3,YM2B,2,1,3,Syringodium,3780,Roots,0.0141
YM2B_2_1_3,YM2B,2,1,3,Syringodium,3776,Rhizomes,0.0353
YM1B_2_1_2,YM1B,2,1,2,Syringodium,3784,Blades,0.0074
YM1B_2_1_2,YM1B,2,1,2,Syringodium,3777,Roots,0.024
YM1B_2_1_2,YM1B,2,1,2,Syringodium,3772,Rhizomes,0.0129
YM2D_3_20_3,YM2D,3,20,3,Syringodium,3823,Blades,0.0556
YM2D_3_20_3,YM2D,3,20,3,Syringodium,3821,Roots,0.0305
YM2D_3_20_3,YM2D,3,20,3,Syringodium,3822,Rhizomes,0.164
YM3C_2_1_3,YM3C,2,1,3,Syringodium,3826,Blades,0.0269
YM3C_2_1_3,YM3C,2,1,3,Syringodium,3824,Roots,0.0201
YM3C_2_1_3,YM3C,2,1,3,Syringodium,3825,Rhizomes,0.0842
YM4B_3_1_2,YM4B,3,1,2,Syringodium,3769,Blades,0.0218
YM4B_3_1_2,YM4B,3,1,2,Syringodium,3771,Roots,0.0481
YM4B_3_1_2,YM4B,3,1,2,Syringodium,3770,Rhizomes,0.0891
YM2C_3_20_2,YM2C,3,20,2,Syringodium,3775,Blades,0.0109
YM2C_3_20_2,YM2C,3,20,2,Syringodium,3773,Roots,0.0466
YM2C_3_20_2,YM2C,3,20,2,Syringodium,3774,Rhizomes,0.0837
YM3C_2_20_3,YM3C,2,20,3,Syringodium,3766,Blades,0.0175
YM3C_2_20_3,YM3C,2,20,3,Syringodium,3762,Roots,0.0272
YM3C_2_20_3,YM3C,2,20,3,Syringodium,3963,Rhizomes,0.0695
YM1A_3_20_2,YM1A,3,20,2,Syringodium,3781,Blades,0.0487
YM1A_3_20_2,YM1A,3,20,2,Syringodium,3960,Roots,0.046
YM1A_3_20_2,YM1A,3,20,2,Syringodium,3767,Rhizomes,0.1658
YM4B_2_1_1,YM4B,2,1,1,Syringodium,3783,Blades,0.0221
YM4B_2_1_1,YM4B,2,1,1,Syringodium,3778,Roots,0.041
YM4B_2_1_1,YM4B,2,1,1,Syringodium,3782,Rhizomes,0.1952
YM1A_3_20_1,YM1A,3,20,1,Syringodium,3802,Blades,0.0457
YM1A_3_20_1,YM1A,3,20,1,Syringodium,3801,Roots,0.0538
YM1A_3_20_1,YM1A,3,20,1,Syringodium,3803,Rhizomes,0.2146
YM4D_3_1_2,YM4D,3,1,2,Syringodium,3957,Blades,0.0149
YM4D_3_1_2,YM4D,3,1,2,Syringodium,3956,Roots,0.0262
YM4D_3_1_2,YM4D,3,1,2,Syringodium,3958,Rhizomes,0.2168
YM4D_3_1_1,YM4D,3,1,1,Syringodium,3810,Blades,0.0882
YM4D_3_1_1,YM4D,3,1,1,Syringodium,3808,Roots,0.0492
YM4D_3_1_1,YM4D,3,1,1,Syringodium,3809,Rhizomes,0.3639
YM2D_3_1_3,YM2D,3,1,3,Syringodium,3793,Blades,0.0857
YM2D_3_1_3,YM2D,3,1,3,Syringodium,3792,Roots,0.0715
YM2D_3_1_3,YM2D,3,1,3,Syringodium,3791,Rhizomes,0.2595
YM2C_3_1_3,YM2C,3,1,3,Syringodium,3806,Blades,0.2076
YM2C_3_1_3,YM2C,3,1,3,Syringodium,3807,Roots,0.0667
YM2C_3_1_3,YM2C,3,1,3,Syringodium,3805,Rhizomes,0.291
YM4C_3_1_1,YM4C,3,1,1,Syringodium,3954,Blades,0.0586
YM4C_3_1_1,YM4C,3,1,1,Syringodium,3955,Roots,0.0354
YM4C_3_1_1,YM4C,3,1,1,Syringodium,3953,Rhizomes,0.2827
YM3D_3_20_3,YM3D,3,20,3,Syringodium,3804,Blades,0.0017
YM2A_2_1_3,YM2A,2,1,3,Syringodium,3812,Roots,0.0112
YM2A_2_1_3,YM2A,2,1,3,Syringodium,3850,Rhizomes,0.0549
YM2A_2_1_3,YM2A,2,1,3,Syringodium,3811,Blades,0.0192
YM3B_2_20_2,YM3B,2,20,2,Syringodium,3814,Roots,0.0124
YM3B_2_20_2,YM3B,2,20,2,Syringodium,3815,Rhizomes,0.0429
YM3B_2_20_2,YM3B,2,20,2,Syringodium,3813,Blades,0.0057
YM3C_2_1_2,YM3C,2,1,2,Syringodium,3817,Roots,0.0021
YM3C_2_1_2,YM3C,2,1,2,Syringodium,3816,Rhizomes,0.0501
YM3C_2_1_2,YM3C,2,1,2,Syringodium,3818,Blades,0.0015
YM3B_2_20_1,YM3B,2,20,1,Syringodium,3819,Roots,0.0164
YM3B_2_20_1,YM3B,2,20,1,Syringodium,3834,Rhizomes,0.0589
YM3B_2_20_1,YM3B,2,20,1,Syringodium,3820,Blades,0.0069
YM1B_2_1_1,YM1B,2,1,1,Syringodium,3836,Roots,0.0103
YM1B_2_1_1,YM1B,2,1,1,Syringodium,3835,Rhizomes,0.0462
YM1B_2_1_1,YM1B,2,1,1,Syringodium,3837,Blades,0.0043
YM3B_2_20_3,YM3B,2,20,3,Syringodium,3839,Roots,0.0143
YM3B_2_20_3,YM3B,2,20,3,Syringodium,3840,Rhizomes,0.0279
YM3B_2_20_3,YM3B,2,20,3,Syringodium,3838,Blades,0.002
YM4A_3_20_2,YM4A,3,20,2,Syringodium,3831,Roots,0.0364
YM4A_3_20_2,YM4A,3,20,2,Syringodium,3832,Rhizomes,0.0772
YM4A_3_20_2,YM4A,3,20,2,Syringodium,3833,Blades,0.0121
YM1C_2_1_1,YM1C,2,1,1,Syringodium,3845,Blades,0.7949
YM1C_2_1_1,YM1C,2,1,1,Syringodium,3843,Blades,0.2836
YM1C_2_1_1,YM1C,2,1,1,Syringodium,3842,Rhizomes,0.733
YM1C_2_1_1,YM1C,2,1,1,Syringodium,3844,Rhizomes,0.9653
YM1C_2_1_1,YM1C,2,1,1,Syringodium,3846,Roots,0.593
YM2B_2_1_1,YM2B,2,1,1,Syringodium,3925,Roots,0.0602
YM2B_2_1_1,YM2B,2,1,1,Syringodium,3924,Rhizomes,0.1625
YM2B_2_1_1,YM2B,2,1,1,Syringodium,3923,Blades,0.0625
YM4D_3_1_3,YM4D,3,1,3,Syringodium,3922,Roots,0.0408
YM4D_3_1_3,YM4D,3,1,3,Syringodium,3928,Rhizomes,0.408
YM4D_3_1_3,YM4D,3,1,3,Syringodium,3929,Blades,0.0994
YM3A_2_20_1,YM3A,2,20,1,Syringodium,3880,Rhizomes,0.0276
YM3A_2_20_1,YM3A,2,20,1,Syringodium,3875,Roots,0.0135
YM3A_2_20_2,YM3A,2,20,2,Syringodium,3903,Roots,0.0004
YM4B_2_20_3,YM4B,2,20,3,Syringodium,3899,Rhizomes,0.0907
YM4B_2_20_3,YM4B,2,20,3,Syringodium,3898,Roots,0.0202
YM4B_2_20_3,YM4B,2,20,3,Syringodium,3897,Blades,0.0186
YM4A_2_20_3,YM4A,2,20,3,Syringodium,3883,Rhizomes,0.0322
YM4A_2_20_3,YM4A,2,20,3,Syringodium,3882,Roots,0.0185
YM4A_2_20_3,YM4A,2,20,3,Syringodium,3881,Blades,0.0034
YM2B_2_20_1,YM2B,2,20,1,Syringodium,3876,Rhizomes,0.1405
YM2B_2_20_1,YM2B,2,20,1,Syringodium,3878,Roots,0.068
YM2B_2_20_1,YM2B,2,20,1,Syringodium,3877,Blades,0.0321
YM2B_2_20_2,YM2B,2,20,2,Syringodium,3904,Rhizomes,0.0188
YM2B_2_20_2,YM2B,2,20,2,Syringodium,3905,Roots,0.0061
YM2B_2_20_2,YM2B,2,20,2,Syringodium,3906,Blades,0.0053
YM4D_1_20_1,YM4D,1,20,1,Syringodium,3909,Rhizomes,0.124
YM4D_1_20_1,YM4D,1,20,1,Syringodium,3908,Roots,0.0385
YM4D_1_20_1,YM4D,1,20,1,Syringodium,3907,Blades,0.0044
YM3C_2_20_1,YM3C,2,20,1,Syringodium,3884,Rhizomes,0.0972
YM3C_2_20_1,YM3C,2,20,1,Syringodium,3885,Roots,0.013
YM2B_2_20_3,YM2B,2,20,3,Syringodium,3887,Blades,0.0042
YM2B_2_20_3,YM2B,2,20,3,Syringodium,3886,Roots,0.003
YM1C_2_20_3,YM1C,2,20,3,Syringodium,3888,Rhizomes,0.0295
YM1C_2_20_3,YM1C,2,20,3,Syringodium,3889,Roots,0.0087
YM3C_1_20_1,YM3C,1,20,1,Syringodium,3915,Roots,0.0132
YM3C_1_20_1,YM3C,1,20,1,Syringodium,3916,Rhizomes,0.0447
YM3C_1_20_1,YM3C,1,20,1,Syringodium,3917,Blades,0.0234
YM3A_1_20_2,YM3A,1,20,2,Syringodium,3962,Rhizomes,0.017
YM3A_1_20_2,YM3A,1,20,2,Syringodium,3944,Roots,0.0082
YM4C_2_20_2,YM4C,2,20,2,Syringodium,3795,Blades,0.0094
YM4C_2_20_2,YM4C,2,20,2,Syringodium,3950,Roots,0.044
YM4C_2_20_2,YM4C,2,20,2,Syringodium,3764,Rhizomes,0.0843
YM1A_2_20_1,YM1A,2,20,1,Syringodium,3912,Blades,0.0524
YM1A_2_20_1,YM1A,2,20,1,Syringodium,3914,Roots,0.0707
YM1A_2_20_1,YM1A,2,20,1,Syringodium,3913,Rhizomes,0.147
YM1C_1_20_2,YM1C,1,20,2,Syringodium,1927,Blades,0.0035
YM1C_1_20_2,YM1C,1,20,2,Syringodium,3001s,Roots,0.0177
YM1C_1_20_2,YM1C,1,20,2,Syringodium,2046,Rhizomes,0.0066
YM1D_1_20_3,YM1D,1,20,3,Syringodium,3948,Blades,0.0403
YM1D_1_20_3,YM1D,1,20,3,Syringodium,3949,Roots,0.0282
YM1D_1_20_3,YM1D,1,20,3,Syringodium,3947,Rhizomes,0.1463
YM3A_1_20_1,YM3A,1,20,1,Syringodium,2068,Roots,0.0027
YM3A_1_20_1,YM3A,1,20,1,Syringodium,2048,Rhizomes,0.0007
YM2C_2_20_2,YM2C,2,20,2,Syringodium,2087,Roots,0.0009
YM2C_2_20_2,YM2C,2,20,2,Syringodium,1972,Rhizomes,0.0169
YM1A_2_20_2,YM1A,2,20,2,Syringodium,2000,Blades,0.0008
YM1A_2_20_2,YM1A,2,20,2,Syringodium,1764,Roots,0.0027
YM1A_2_20_2,YM1A,2,20,2,Syringodium,1961,Rhizomes,0.0198
YM4D_1_20_2,YM4D,1,20,2,Syringodium,3890,Blades,0.0105
YM4D_1_20_2,YM4D,1,20,2,Syringodium,3920,Roots,0.0019
YM4D_1_20_2,YM4D,1,20,2,Syringodium,3921,Rhizomes,0.0157
YM1A_1_20_2,YM1A,1,20,2,Syringodium,3896,Roots,0.0211
YM1A_1_20_2,YM1A,1,20,2,Syringodium,3895,Rhizomes,0.043
YM3D_1_20_3,YM3D,1,20,3,Syringodium,1887,Roots,0.0029
YM3D_1_20_3,YM3D,1,20,3,Syringodium,2002,Rhizomes,0.0214
YM4B_1_20_2,YM4B,1,20,2,Syringodium,3891,Blades,0.0077
YM4B_1_20_2,YM4B,1,20,2,Syringodium,3892,Roots,0.0145
YM4B_1_20_2,YM4B,1,20,2,Syringodium,3894,Rhizomes,0.1183
YM1D_1_20_2,YM1D,1,20,2,Syringodium,3893,Blades,0.0523
YM1D_1_20_2,YM1D,1,20,2,Syringodium,3874,Roots,0.0606
YM1D_1_20_2,YM1D,1,20,2,Syringodium,3879,Rhizomes,0.1825
YM3B_1_1_3,YM3B,1,1,3,Syringodium,3870,Blades,0.024
YM3B_1_1_3,YM3B,1,1,3,Syringodium,3945,Roots,0.0146
YM3B_1_1_3,YM3B,1,1,3,Syringodium,3946,Rhizomes,0.0438
YM3B_1_20_1,YM3B,1,20,1,Syringodium,3871,Blades,0.0285
YM3B_1_20_1,YM3B,1,20,1,Syringodium,3872,Roots,0.0206
YM3B_1_20_1,YM3B,1,20,1,Syringodium,3873,Rhizomes,0.0993
YM3A_1_1_3,YM3A,1,1,3,Syringodium,3910,Roots,0.0046
YM3A_1_1_3,YM3A,1,1,3,Syringodium,3911,Rhizomes,0.0825
YM3C_1_20_2,YM3C,1,20,2,Syringodium,3941,Blades,0.0315
YM3C_1_20_2,YM3C,1,20,2,Syringodium,3942,Roots,0.0495
YM3C_1_20_2,YM3C,1,20,2,Syringodium,3943,Rhizomes,0.1375
YM2B_1_1_3,YM2B,1,1,3,Syringodium,3901,Blades,0.108
YM2B_1_1_3,YM2B,1,1,3,Syringodium,3902,Roots,0.0986
YM2B_1_1_3,YM2B,1,1,3,Syringodium,3900,Rhizomes,0.3243
YM2A_1_20_2,YM2A,1,20,2,Syringodium,2076,Blades,0.0236
YM2A_1_20_2,YM2A,1,20,2,Syringodium,2083,Roots,0.0119
YM2A_1_20_2,YM2A,1,20,2,Syringodium,2084,Rhizomes,0.0762
YM3B_1_20_2,YM3B,1,20,2,Syringodium,3959,Roots,0.0066
YM3B_1_20_2,YM3B,1,20,2,Syringodium,3961,Rhizomes,0.1136
YM2A_1_20_3,YM2A,1,20,3,Syringodium,1973,Rhizomes,0.0034
YM3A_1_20_3,YM3A,1,20,3,Syringodium,3926,Blades,0.012
YM3A_1_20_3,YM3A,1,20,3,Syringodium,3841,Roots,0.0387
YM3A_1_20_3,YM3A,1,20,3,Syringodium,3940,Rhizomes,0.1177
YM1C_1_20_3,YM1C,1,20,3,Syringodium,3918,Blades,0.0068
YM1C_1_20_3,YM1C,1,20,3,Syringodium,3951,Roots,0.0304
YM1C_1_20_3,YM1C,1,20,3,Syringodium,3919,Rhizomes,0.142
YM1C_2_20_2,YM1C,2,20,2,Syringodium,1980,Blades,0.0014
YM1C_2_20_2,YM1C,2,20,2,Syringodium,1986,Roots,0.0169
YM1C_2_20_2,YM1C,2,20,2,Syringodium,1770,Rhizomes,0.0222
YM3B_2_1_3,YM3B,2,1,3,Syringodium,2034,Roots,0.0145
YM1A_1_1_2,YM1A,1,1,2,Syringodium,1999,Rhizomes,0.0082
YM1A_1_1_2,YM1A,1,1,2,Syringodium,2053,Roots,0.0075
YM3C_1_1_3,YM3C,1,1,3,Syringodium,1917,Blades,0.0439
YM3C_1_1_3,YM3C,1,1,3,Syringodium,1262,Roots,0.0361
YM3C_1_1_3,YM3C,1,1,3,Syringodium,1287,Rhizomes,0.2538
YM2A_1_20_1,YM2A,1,20,1,Syringodium,1538,Blades,0.0099
YM2A_1_20_1,YM2A,1,20,1,Syringodium,1968,Roots,0.02
YM2A_1_20_1,YM2A,1,20,1,Syringodium,2049,Rhizomes,0.0493
YM4B_1_20_1,YM4B,1,20,1,Syringodium,3927,Blades,0.0333
YM4B_1_20_1,YM4B,1,20,1,Syringodium,1734,Roots,0.0297
YM4B_1_20_1,YM4B,1,20,1,Syringodium,3799,Rhizomes,0.0863
YM1C_1_1_1,YM1C,1,1,1,Syringodium,1230,Roots,0.3212
YM1C_1_1_1,YM1C,1,1,1,Syringodium,1880,Rhizomes,0.9908
YM1C_1_1_1,YM1C,1,1,1,Syringodium,1822,Blades,0.1854
YM1C_3_1_1,YM1C,3,1,1,Syringodium,1876,Rhizomes,0.7328
YM1C_3_1_1,YM1C,3,1,1,Syringodium,1831,Rhizomes,0.7264
YM1C_3_1_1,YM1C,3,1,1,Syringodium,3202,Roots,0.4076
YM1C_3_1_1,YM1C,3,1,1,Syringodium,3129,Blades,0.2768
YM2C_2_1_3,YM2C,2,1,3,Syringodium,3161,Rhizomes,0.4348
YM2C_2_1_3,YM2C,2,1,3,Syringodium,1864,Roots,0.0858
YM2C_2_1_3,YM2C,2,1,3,Syringodium,1395,Blades,0.4673
YM1C_3_1_3,YM1C,3,1,3,Syringodium,1129,Blades,0.4056
YM1C_3_1_3,YM1C,3,1,3,Syringodium,3904,Rhizomes,0.5457
YM1C_3_1_3,YM1C,3,1,3,Syringodium,1644,Rhizomes,0.7418
YM1C_3_1_3,YM1C,3,1,3,Syringodium,3026,Roots,0.4955
YM1D_3_1_3,YM1D,3,1,3,Syringodium,3912,Blades,0.505
YM1D_3_1_3,YM1D,3,1,3,Syringodium,3914,Rhizomes,1.1313
YM1D_3_1_3,YM1D,3,1,3,Syringodium,3913,Roots,0.1937
YM2D_2_1_1,YM2D,2,1,1,Syringodium,3895,Blades,0.319
YM2D_2_1_1,YM2D,2,1,1,Syringodium,3896,Rhizomes,0.5777
YM2D_2_1_1,YM2D,2,1,1,Syringodium,3837,Roots,0.0928
YM3D_2_1_3,YM3D,2,1,3,Syringodium,3141,Blades,0.0863
YM3D_2_1_3,YM3D,2,1,3,Syringodium,1259,Rhizomes,0.9068
YM3D_2_1_3,YM3D,2,1,3,Syringodium,3906,Roots,0.1152
YM2C_1_1_3,YM2C,1,1,3,Syringodium,1175,Blades,0.051
YM2C_1_1_3,YM2C,1,1,3,Syringodium,1322,Rhizomes,0.1684
YM2C_1_1_3,YM2C,1,1,3,Syringodium,1921,Roots,0.0543
YM4B_1_1_1,YM4B,1,1,1,Syringodium,1343,Blades,0.0473
YM4B_1_1_1,YM4B,1,1,1,Syringodium,1658,Rhizomes,0.1156
YM4B_1_1_1,YM4B,1,1,1,Syringodium,1327,Roots,0.0531
YM2C_1_1_1,YM2C,1,1,1,Syringodium,1192,Blades,0.2421
YM2C_1_1_1,YM2C,1,1,1,Syringodium,3195,Rhizomes,0.362
YM2C_1_1_1,YM2C,1,1,1,Syringodium,3836,Roots,0.0709
YM1A_1_20_1,YM1A,1,20,1,Syringodium,3887,Blades,0.0133
YM1A_1_20_1,YM1A,1,20,1,Syringodium,3886,Rhizomes,0.05
YM1A_1_20_1,YM1A,1,20,1,Syringodium,1062,Roots,0.0093
YM1A_1_1_3,YM1A,1,1,3,Syringodium,3846,Blades,0.0181
YM1A_1_1_3,YM1A,1,1,3,Syringodium,3905,Rhizomes,0.1604
YM1A_1_1_3,YM1A,1,1,3,Syringodium,3055,Roots,0.0583
YM3C_1_1_1,YM3C,1,1,1,Syringodium,3806,Blades,0.1292
YM3C_1_1_1,YM3C,1,1,1,Syringodium,3805,Rhizomes,0.2538
YM3C_1_1_1,YM3C,1,1,1,Syringodium,3791,Roots,0.0354
YM2A_1_1_3,YM2A,1,1,3,Syringodium,3802,Blades,0.0084
YM2A_1_1_3,YM2A,1,1,3,Syringodium,3803,Rhizomes,0.0476
YM2A_1_1_3,YM2A,1,1,3,Syringodium,3819,Roots,0.0237
YM1A_1_1_1,YM1A,1,1,1,Syringodium,3793,Roots,0.0021
YM1A_1_1_1,YM1A,1,1,1,Syringodium,3820,Rhizomes,0.005
YM3C_2_20_2,YM3C,2,20,2,Syringodium,3807,Blades,0.0204
YM3C_2_20_2,YM3C,2,20,2,Syringodium,1170,Rhizomes,0.1205
YM3C_2_20_2,YM3C,2,20,2,Syringodium,3148,Roots,0.0206
YM3D_1_1_1,YM3D,1,1,1,Syringodium,896,Blades,0.0332
YM3D_1_1_1,YM3D,1,1,1,Syringodium,3162,Rhizomes,0.0605
YM3D_1_1_1,YM3D,1,1,1,Syringodium,3208,Roots,0.2712
YM4D_1_20_3,YM4D,1,20,3,Syringodium,3889,Blades,0.0161
YM4D_1_20_3,YM4D,1,20,3,Syringodium,1085,Rhizomes,0.1433
YM4D_1_20_3,YM4D,1,20,3,Syringodium,3179,Roots,0.0345
YM3A_1_1_1,YM3A,1,1,1,Syringodium,1338,Blades,0.0484
YM3A_1_1_1,YM3A,1,1,1,Syringodium,925,Rhizomes,0.1082
YM3A_1_1_1,YM3A,1,1,1,Syringodium,1096,Roots,0.0209
YM4C_2_1_2,YM4C,2,1,2,Syringodium,1683,Rhizomes,0.1984
YM4C_2_1_2,YM4C,2,1,2,Syringodium,1992,Blades,0.0704
YM4C_2_1_2,YM4C,2,1,2,Syringodium,1998,Roots,0.041
YM2B_1_20_1,YM2B,1,20,1,Syringodium,1769,Blades,0.0142
YM3B_1_1_2,YM3B,1,1,2,Syringodium,1407,Rhizomes,0.2199
YM3B_1_1_2,YM3B,1,1,2,Syringodium,1032,Blades,0.1507
YM3B_1_1_2,YM3B,1,1,2,Syringodium,1215,Roots,0.0352
YM4B_2_1_3,YM4B,2,1,3,Syringodium,3922,Rhizomes,0.2345
YM4B_2_1_3,YM4B,2,1,3,Syringodium,3948,Blades,0.048
YM4B_2_1_3,YM4B,2,1,3,Syringodium,3823,Roots,0.0749
YM4C_1_20_2,YM4C,1,20,2,Syringodium,2009,Rhizomes,0.0513
YM4C_1_20_2,YM4C,1,20,2,Syringodium,1923,Blades,0.0135
YM4C_1_20_2,YM4C,1,20,2,Syringodium,2011,Roots,0.0209
YM2B_1_1_1,YM2B,1,1,1,Syringodium,2046,Rhizomes,0.0296
YM2B_1_1_1,YM2B,1,1,1,Syringodium,2019,Blades,0.0106
YM2B_1_1_1,YM2B,1,1,1,Syringodium,2056,Roots,0.0025
YM4C_2_1_3,YM4C,2,1,3,Syringodium,3199,Rhizomes,0.4419
YM4C_2_1_3,YM4C,2,1,3,Syringodium,943,Blades,0.1425
YM4C_2_1_3,YM4C,2,1,3,Syringodium,1868,Roots,0.0691
YM4C_2_1_1,YM4C,2,1,1,Syringodium,3929,Rhizomes,0.0754
YM4C_2_1_1,YM4C,2,1,1,Syringodium,1109,Blades,0.0494
YM4C_2_1_1,YM4C,2,1,1,Syringodium,3214,Roots,0.0176
YM3A_2_1_2,YM3A,2,1,2,Syringodium,1857,Rhizomes,0.0345
YM3A_2_1_2,YM3A,2,1,2,Syringodium,3767,Blades,0.0297
YM3A_2_1_2,YM3A,2,1,2,Syringodium,3928,Roots,0.0375
YM2A_1_1_2,YM2A,1,1,2,Syringodium,993,Roots,0.0434
YM2A_1_1_2,YM2A,1,1,2,Syringodium,1276,Rhizomes,0.2005
YM2A_1_1_2,YM2A,1,1,2,Syringodium,3219,Blades,0.0496
YM4D_2_20_2,YM4D,2,20,2,Syringodium,1945,Roots,0.032
YM4D_2_20_2,YM4D,2,20,2,Syringodium,3835,Rhizomes,0.0966
YM4D_2_20_2,YM4D,2,20,2,Syringodium,1039,Blades,0.0191
YM2C_1_20_1,YM2C,1,20,1,Syringodium,1920,Roots,0.0145
YM2C_1_20_1,YM2C,1,20,1,Syringodium,1684,Rhizomes,0.0956
YM2C_1_20_1,YM2C,1,20,1,Syringodium,1328,Blades,0.01
YM1B_2_1_3,YM1B,2,1,3,Syringodium,3844,Roots,0.0497
YM1B_2_1_3,YM1B,2,1,3,Syringodium,3034,Rhizomes,0.0796
YM1B_2_1_3,YM1B,2,1,3,Syringodium,3047,Blades,0.029
YM4C_1_1_3,YM4C,1,1,3,Syringodium,3194,Roots,0.1123
YM4C_1_1_3,YM4C,1,1,3,Syringodium,3103,Rhizomes,0.5055
YM4C_1_1_3,YM4C,1,1,3,Syringodium,3152,Blades,0.2177
YM2A_2_1_2,YM2A,2,1,2,Syringodium,3842,Roots,0.0249
YM2A_2_1_2,YM2A,2,1,2,Syringodium,1058,Rhizomes,0.1525
YM2A_2_1_2,YM2A,2,1,2,Syringodium,937,Blades,0.0107
YM2D_2_1_3,YM2D,2,1,3,Syringodium,3812,Roots,0.0472
YM2D_2_1_3,YM2D,2,1,3,Syringodium,3878,Rhizomes,0.3173
YM2D_2_1_3,YM2D,2,1,3,Syringodium,3850,Blades,0.2071
YM3B_1_20_3,YM3B,1,20,3,Syringodium,1363,Roots,0.0221
YM3B_1_20_3,YM3B,1,20,3,Syringodium,3212,Rhizomes,0.1404
YM3B_1_20_3,YM3B,1,20,3,Syringodium,1105,Blades,0.0234
YM4B_2_1_2,YM4B,2,1,2,Syringodium,3175,Roots,0.1233
YM4B_2_1_2,YM4B,2,1,2,Syringodium,3875,Rhizomes,0.3737
YM4B_2_1_2,YM4B,2,1,2,Syringodium,1270,Blades,0.0741
YM3D_3_1_3,YM3D,3,1,3,Syringodium,3068,Roots,0.1326
YM3D_3_1_3,YM3D,3,1,3,Syringodium,3127,Rhizomes,0.5616
YM3D_3_1_3,YM3D,3,1,3,Syringodium,1657,Blades,0.088
YM4B_1_1_3,YM4B,1,1,3,Syringodium,899,Roots,0.0452
YM4B_1_1_3,YM4B,1,1,3,Syringodium,882,Rhizomes,0.2592
YM4B_1_1_3,YM4B,1,1,3,Syringodium,1131,Blades,0.0254
YM2D_1_20_1,YM2D,1,20,1,Syringodium,3024,Roots,0.0324
YM2D_1_20_1,YM2D,1,20,1,Syringodium,3801,Rhizomes,0.0826
YM2D_1_20_1,YM2D,1,20,1,Syringodium,1312,Blades,0.0317
YM3D_1_20_1,YM3D,1,20,1,Syringodium,1809,Roots,0.0029
YM4C_1_20_1,YM4C,1,20,1,Syringodium,2098,Roots,0.0041
YM1D_2_1_1,YM1D,2,1,1,Syringodium,1870,Blades,0.2333
YM1D_2_1_1,YM1D,2,1,1,Syringodium,1368,Rhizomes,0.7233
YM1D_2_1_1,YM1D,2,1,1,Syringodium,1839,Roots,0.2439
YM1D_2_1_2,YM1D,2,1,2,Syringodium,1086,Blades,0.2544
YM1D_2_1_2,YM1D,2,1,2,Syringodium,3205,Rhizomes,0.6813
YM1D_2_1_2,YM1D,2,1,2,Syringodium,3065,Roots,0.2271
YM1D_3_20_2,YM1D,3,20,2,Syringodium,3178,Blades,0.1495
YM1D_3_20_2,YM1D,3,20,2,Syringodium,3888,Rhizomes,0.6132
YM1D_3_20_2,YM1D,3,20,2,Syringodium,1238,Roots,0.1905
YM1C_2_1_3,YM1C,2,1,3,Syringodium,3781,Blades,0.3739
YM1C_2_1_3,YM1C,2,1,3,Syringodium,1913,Rhizomes,0.5855
YM1C_2_1_3,YM1C,2,1,3,Syringodium,1079,Rhizomes,0.5399
YM1C_2_1_3,YM1C,2,1,3,Syringodium,1349,Roots,0.4041
YM1D_1_1_2,YM1D,1,1,2,Syringodium,3087,Blades,0.097
YM1D_1_1_2,YM1D,1,1,2,Syringodium,1279,Rhizomes,0.3803
YM1D_1_1_2,YM1D,1,1,2,Syringodium,883,Roots,0.1649
YM1D_1_1_1,YM1D,1,1,1,Syringodium,1906,Blades,0.1831
YM1D_1_1_1,YM1D,1,1,1,Syringodium,1835,Rhizomes,0.4925
YM1D_1_1_1,YM1D,1,1,1,Syringodium,3960,Roots,0.1073
YM1D_1_1_3,YM1D,1,1,3,Syringodium,1316,Blades,0.3069
YM1D_1_1_3,YM1D,1,1,3,Syringodium,1069,Rhizomes,0.5846
YM1D_1_1_3,YM1D,1,1,3,Syringodium,1239,Roots,0.1203
YM1C_2_1_2,YM1C,2,1,2,Syringodium,1204,Blades,0.3396
YM1C_2_1_2,YM1C,2,1,2,Syringodium,1291,Rhizomes,0.736
YM1C_2_1_2,YM1C,2,1,2,Syringodium,1292,Roots,0.2149
YM1D_2_1_3,YM1D,2,1,3,Syringodium,963,Blades,0.409
YM1D_2_1_3,YM1D,2,1,3,Syringodium,1387,Rhizomes,0.9043
YM1D_2_1_3,YM1D,2,1,3,Syringodium,914,Roots,0.1718
YM1C_1_1_2,YM1C,1,1,2,Syringodium,1228,Blades,0.0991
YM1C_1_1_2,YM1C,1,1,2,Syringodium,1236,Rhizomes,0.6355
YM1C_1_1_2,YM1C,1,1,2,Syringodium,1040,Roots,0.1687
YM3D_2_1_2,YM3D,2,1,2,Syringodium,3106,Blades,0.0561
YM3D_2_1_2,YM3D,2,1,2,Syringodium,1031,Rhizomes,1.0017
YM3D_2_1_2,YM3D,2,1,2,Syringodium,1332,Roots,0.1511
YM4C_1_1_2,YM4C,1,1,2,Syringodium,3169,Blades,0.1453
YM4C_1_1_2,YM4C,1,1,2,Syringodium,1674,Rhizomes,0.5384
YM4C_1_1_2,YM4C,1,1,2,Syringodium,1033,Roots,0.1122
YM3D_1_1_3,YM3D,1,1,3,Syringodium,1120,Blades,0.0579
YM3D_1_1_3,YM3D,1,1,3,Syringodium,1364,Rhizomes,0.4129
YM3D_1_1_3,YM3D,1,1,3,Syringodium,1402,Roots,0.1972
YM4D_2_1_3,YM4D,2,1,3,Syringodium,994,Blades,0.2231
YM4D_2_1_3,YM4D,2,1,3,Syringodium,1725,Rhizomes,0.6257
YM4D_2_1_3,YM4D,2,1,3,Syringodium,1014,Roots,0.0711
YM2B_1_1_2,YM2B,1,1,2,Syringodium,1865,Blades,0.1336
YM2B_1_1_2,YM2B,1,1,2,Syringodium,3903,Rhizomes,0.3812
YM2B_1_1_2,YM2B,1,1,2,Syringodium,1146,Roots,0.1549
YM4D_2_1_2,YM4D,2,1,2,Syringodium,1007,Blades,0.1236
YM4D_2_1_2,YM4D,2,1,2,Syringodium,3080,Rhizomes,0.6881
YM4D_2_1_2,YM4D,2,1,2,Syringodium,3147,Roots,0.0904
YM2C_2_1_1,YM2C,2,1,1,Syringodium,3114,Blades,0.24
YM2C_2_1_1,YM2C,2,1,1,Syringodium,1258,Rhizomes,0.6141
YM2C_2_1_1,YM2C,2,1,1,Syringodium,1154,Roots,0.0386
YM2D_1_1_1,YM2D,1,1,1,Syringodium,3001,Blades,0.178
YM2D_1_1_1,YM2D,1,1,1,Syringodium,1676,Rhizomes,0.3679
YM2D_1_1_1,YM2D,1,1,1,Syringodium,1132,Roots,0.0531
YM3D_1_1_2,YM3D,1,1,2,Syringodium,3822,Blades,0.0515
YM3D_1_1_2,YM3D,1,1,2,Syringodium,1318,Rhizomes,0.4179
YM3D_1_1_2,YM3D,1,1,2,Syringodium,3207,Roots,0.0705
YM4D_1_1_1,YM4D,1,1,1,Syringodium,2048,Blades,0.0515
YM4D_1_1_1,YM4D,1,1,1,Syringodium,932,Rhizomes,0.2736
YM4D_1_1_1,YM4D,1,1,1,Syringodium,2087,Roots,0.0458
YM1D_1_20_1,YM1D,1,20,1,Syringodium,1392,Blades,0.1448
YM1D_1_20_1,YM1D,1,20,1,Syringodium,1177,Rhizomes,0.5956
YM1D_1_20_1,YM1D,1,20,1,Syringodium,1380,Roots,0.1186
YM2A_2_1_1,YM2A,2,1,1,Syringodium,980,Blades,0.0531
YM2A_2_1_1,YM2A,2,1,1,Syringodium,1907,Rhizomes,0.234
YM2A_2_1_1,YM2A,2,1,1,Syringodium,3164,Roots,0.0494
YM2D_2_1_2,YM2D,2,1,2,Syringodium,1943,Blades,0.1318
YM2D_2_1_2,YM2D,2,1,2,Syringodium,1144,Rhizomes,0.3041
YM2D_2_1_2,YM2D,2,1,2,Syringodium,898,Roots,0.0396
YM2B_3_1_3,YM2B,3,1,3,Syringodium,1003,Blades,0.1034
YM2B_3_1_3,YM2B,3,1,3,Syringodium,1687,Rhizomes,0.5985
YM2B_3_1_3,YM2B,3,1,3,Syringodium,876,Roots,0.0754
YM4B_1_1_2,YM4B,1,1,2,Syringodium,1214,Blades,0.0538
YM4B_1_1_2,YM4B,1,1,2,Syringodium,3839,Rhizomes,0.4027
YM4B_1_1_2,YM4B,1,1,2,Syringodium,941,Roots,0.0937
YM2B_1_20_2,YM2B,1,20,2,Syringodium,1961,Roots,0.0039
YM4D_2_1_1,YM4D,2,1,1,Syringodium,979,Blades,0.0807
YM4D_2_1_1,YM4D,2,1,1,Syringodium,1398,Rhizomes,0.3567
YM4D_2_1_1,YM4D,2,1,1,Syringodium,2068,Roots,0.0235
YM4D_1_1_3,YM4D,1,1,3,Syringodium,3029,Blades,0.0454
YM4D_1_1_3,YM4D,1,1,3,Syringodium,917,Rhizomes,0.5081
YM4D_1_1_3,YM4D,1,1,3,Syringodium,1972,Roots,0.0267
YM4D_2_20_3,YM4D,2,20,3,Syringodium,1990,Blades,0.0098
YM4D_2_20_3,YM4D,2,20,3,Syringodium,3140,Rhizomes,0.1322
YM4D_2_20_3,YM4D,2,20,3,Syringodium,995,Roots,0.0312
YM4C_1_1_1,YM4C,1,1,1,Syringodium,1066,Blades,0.0692
YM4C_1_1_1,YM4C,1,1,1,Syringodium,1095,Rhizomes,0.2821
YM4C_1_1_1,YM4C,1,1,1,Syringodium,3170,Roots,0.0613
YM4D_1_1_2,YM4D,1,1,2,Syringodium,978,Blades,0.0776
YM4D_1_1_2,YM4D,1,1,2,Syringodium,3883,Rhizomes,0.4132
YM4D_1_1_2,YM4D,1,1,2,Syringodium,3882,Roots,0.0694
YM2D_1_1_2,YM2D,1,1,2,Syringodium,1826,Blades,0.0898
YM2D_1_1_2,YM2D,1,1,2,Syringodium,911,Rhizomes,0.4258
YM2D_1_1_2,YM2D,1,1,2,Syringodium,3084,Roots,0.0782
YM2A_1_1_1,YM2A,1,1,1,Syringodium,3899,Blades,0.063
YM2A_1_1_1,YM2A,1,1,1,Syringodium,3125,Rhizomes,0.1832
YM2A_1_1_1,YM2A,1,1,1,Syringodium,1668,Roots,0.0575
YM1A_2_1_3,YM1A,2,1,3,Syringodium,3004,Blades,0.0414
YM1A_2_1_3,YM1A,2,1,3,Syringodium,909,Rhizomes,0.1061
YM1A_2_1_3,YM1A,2,1,3,Syringodium,1946,Roots,0.0166
YM2B_1_20_3,YM2B,1,20,3,Syringodium,2018,Blades,0.005
YM2B_1_20_3,YM2B,1,20,3,Syringodium,3002,Rhizomes,0.045
YM2B_1_20_3,YM2B,1,20,3,Syringodium,1060,Roots,0.037
YM2A_2_20_3,YM2A,2,20,3,Syringodium,928,Blades,0.0344
YM2A_2_20_3,YM2A,2,20,3,Syringodium,3123,Rhizomes,0.189
YM2A_2_20_3,YM2A,2,20,3,Syringodium,3007,Roots,0.0215
YM2D_1_1_3,YM2D,1,1,3,Syringodium,3881,Blades,0.1585
YM2D_1_1_3,YM2D,1,1,3,Syringodium,1251,Rhizomes,0.4901
YM2D_1_1_3,YM2D,1,1,3,Syringodium,1253,Roots,0.0384
YM3B_1_1_1,YM3B,1,1,1,Syringodium,850,Blades,0.1086
YM3B_1_1_1,YM3B,1,1,1,Syringodium,3864,Rhizomes,0.1412
YM3B_1_1_1,YM3B,1,1,1,Syringodium,1195,Roots,0.0236
YM3C_1_1_2,YM3C,1,1,2,Syringodium,953,Blades,0.0294
YM3C_1_1_2,YM3C,1,1,2,Syringodium,1667,Rhizomes,0.2432
YM3C_1_1_2,YM3C,1,1,2,Syringodium,1399,Roots,0.0589
YM2C_1_1_2,YM2C,1,1,2,Syringodium,1947,Blades,0.1838
YM2C_1_1_2,YM2C,1,1,2,Syringodium,3769,Rhizomes,0.2609
YM2C_1_1_2,YM2C,1,1,2,Syringodium,982,Roots,0.0772
YM4D_3_20_1,,,,,,,Blades,0
YM3C_3_20_3,,,,,,,Blades,0
YM1D_3_20_1,,,,,,,Blades,0
YM1B_3_20_1,,,,,,,Blades,0
YM3D_3_20_2,,,,,,,Blades,0
YM1C_3_20_1,,,,,,,Blades,0
YM1B_3_1_2,,,,,,,Blades,0
YM3B_3_20_1,,,,,,,Blades,0
YM4A_2_20_1,,,,,,,Blades,0
YM3A_2_1_1,,,,,,,Blades,0
YM1B_2_20_1,,,,,,,Blades,0
YM3A_2_1_3,,,,,,,Blades,0
YM4C_2_20_1,,,,,,,Blades,0
YM4A_2_20_2,,,,,,,Blades,0
YM4A_3_1_2,,,,,,,Blades,0
YM2B_3_20_2,,,,,,,Blades,0
YM1C_3_20_3,,,,,,,Blades,0
YM4B_2_20_2,,,,,,,Blades,0
YM4A_2_1_2,,,,,,,Blades,0
YM1B_3_1_3,,,,,,,Blades,0
YM3B_3_1_2,,,,,,,Blades,0
YM1B_3_1_1,,,,,,,Blades,0
YM3A_1_1_2,,,,,,,Blades,0
YM4A_1_20_3,,,,,,,Blades,0
YM1B_2_20_2,,,,,,,Blades,0
YM2A_2_20_1,,,,,,,Blades,0
YM4A_2_1_3,,,,,,,Blades,0
YM1A_3_20_3,,,,,,,Blades,0
YM4B_3_20_1,,,,,,,Blades,0
YM4C_3_20_1,,,,,,,Blades,0
YM4B_3_20_2,,,,,,,Blades,0
YM1C_3_20_2,,,,,,,Blades,0
YM3A_3_1_1,,,,,,,Blades,0
YM3B_3_1_1,,,,,,,Blades,0
YM4A_2_1_1,,,,,,,Blades,0
YM1A_2_1_1,,,,,,,Blades,0
YM4A_1_1_1,,,,,,,Blades,0
YM2D_1_20_3,,,,,,,Blades,0
YM4A_1_1_2,,,,,,,Blades,0
YM2A_2_20_2,,,,,,,Blades,0
YM1B_1_1_3,,,,,,,Blades,0
YM3D_3_20_1,,,,,,,Blades,0
YM3B_3_20_3,,,,,,,Blades,0
YM4A_3_1_1,,,,,,,Blades,0
YM4C_3_20_2,,,,,,,Blades,0
YM4B_3_20_3,,,,,,,Blades,0
YM4A_3_20_1,,,,,,,Blades,0
YM2D_2_20_2,,,,,,,Blades,0
YM1C_1_20_1,,,,,,,Blades,0
YM3D_2_20_3,,,,,,,Blades,0
YM4A_1_20_1,,,,,,,Blades,0
YM2D_1_20_2,,,,,,,Blades,0
YM4A_1_1_3,,,,,,,Blades,0
YM1A_1_20_3,,,,,,,Blades,0
YM2C_1_20_2,,,,,,,Blades,0
YM4A_1_20_2,,,,,,,Blades,0
YM1B_1_1_2,,,,,,,Blades,0
YM2C_1_20_3,,,,,,,Blades,0
YM3D_1_20_2,,,,,,,Blades,0